user_id,movie_id,rating
1,8,3
1,2,4
1,48,5
1,18,4
1,16,2
1,15,2
1,9,3
1,7,3
1,35,3
1,6,2
1,38,3
1,28,2
1,3,4
1,49,2
1,41,1
1,14,3
1,45,1
1,33,3
1,37,2
1,47,3
1,43,4
1,23,2
1,21,2
1,29,2
1,31,3
1,42,2
1,50,2
1,34,4
1,19,3
1,44,3
1,1,4
1,36,4
2,42,3
2,5,4
2,39,2
2,41,3
2,11,3
2,35,2
2,16,5
2,46,2
2,30,3
2,25,2
2,18,2
2,36,3
2,15,5
2,21,3
2,4,3
2,38,2
2,3,3
2,37,3
2,26,3
2,9,5
2,34,3
2,7,2
2,19,3
2,23,3
2,43,2
2,29,2
2,33,2
2,44,5
2,13,3
2,24,3
2,45,4
2,49,5
3,33,4
3,49,3
3,12,3
3,50,2
3,7,2
3,41,3
3,20,2
3,45,1
3,47,3
3,39,5
3,13,2
3,10,2
3,24,4
3,11,2
3,35,2
3,34,3
3,1,2
3,21,4
3,32,2
3,36,4
3,4,2
3,48,2
3,27,2
3,26,3
3,43,3
3,8,3
4,36,3
4,15,2
4,38,4
4,49,3
4,1,4
4,5,2
4,41,3
4,4,4
4,47,2
4,45,1
4,3,3
4,22,3
4,44,2
4,33,2
4,16,2
4,18,5
4,32,4
4,14,4
4,9,3
4,24,1
4,30,5
4,29,5
4,19,3
4,28,3
4,50,3
4,8,5
4,26,3
4,37,5
4,7,4
4,43,3
4,21,2
5,25,2
5,17,5
5,30,3
5,19,5
5,28,2
5,45,2
5,36,3
5,43,3
5,32,4
5,10,1
5,13,3
5,47,2
5,14,3
5,4,2
5,35,3
5,37,2
5,21,2
5,44,2
5,33,3
5,39,2
5,16,2
5,49,2
6,20,2
6,30,2
6,21,3
6,5,2
6,1,4
6,49,3
6,40,2
6,37,3
6,7,3
6,47,4
6,35,3
6,14,3
6,33,4
6,17,2
6,9,2
6,23,3
6,41,2
6,16,2
6,24,4
6,10,3
6,6,3
6,15,3
6,27,4
6,18,2
6,44,3
6,31,2
6,50,2
6,48,4
6,43,5
6,46,4
6,28,2
6,25,3
7,10,5
7,28,5
7,9,4
7,3,4
7,20,3
7,24,2
7,47,3
7,23,2
7,14,2
7,16,2
7,7,3
7,43,3
7,36,3
7,27,4
7,50,5
7,41,4
7,11,5
7,12,3
7,37,2
7,1,3
7,6,2
7,45,3
7,34,2
7,26,4
7,42,5
7,22,3
7,29,4
7,8,3
7,48,3
7,30,4
8,33,3
8,8,2
8,25,5
8,37,2
8,13,3
8,17,2
8,3,3
8,28,2
8,1,2
8,34,4
8,35,3
8,46,3
8,24,5
8,43,2
8,5,3
8,22,2
8,21,4
8,49,3
8,20,2
8,45,2
8,10,2
8,40,3
8,14,2
8,11,3
8,39,5
8,23,3
8,30,3
8,18,2
8,36,2
8,7,4
8,47,4
9,50,4
9,5,2
9,30,3
9,27,3
9,41,2
9,37,4
9,13,2
9,25,2
9,32,3
9,26,2
9,16,2
9,10,4
9,1,2
9,7,4
9,28,3
9,15,2
9,12,3
9,48,4
9,4,3
9,18,3
9,8,3
9,36,5
9,42,4
9,35,5
9,49,2
9,47,2
9,22,3
9,17,3
9,31,3
9,20,3
9,11,4
10,45,5
10,2,3
10,37,4
10,25,2
10,31,2
10,1,2
10,23,3
10,20,3
10,47,4
10,27,2
10,35,2
10,40,3
10,15,5
10,32,2
10,38,3
10,18,2
10,28,2
10,48,2
10,49,4
10,13,1
10,11,2
10,22,2
10,29,3
10,26,2
10,46,1
10,24,2
10,6,1
10,36,2
10,5,4
10,43,2
10,39,3
11,8,5
11,37,2
11,14,4
11,30,4
11,45,2
11,17,4
11,24,4
11,11,1
11,39,3
11,42,3
11,50,2
11,43,2
11,20,3
11,7,2
11,2,4
11,38,2
11,25,2
11,26,4
11,13,2
11,3,2
11,19,3
11,23,3
11,27,3
11,21,3
11,40,2
11,4,3
11,29,3
11,10,2
11,22,2
11,35,2
11,34,3
11,47,2
12,12,4
12,32,3
12,14,2
12,23,4
12,17,2
12,22,4
12,18,1
12,39,4
12,44,3
12,36,3
12,1,2
12,34,3
12,13,2
12,6,3
12,16,3
12,27,3
12,49,5
12,41,4
12,31,2
12,21,3
12,47,2
12,33,1
12,15,3
12,26,2
12,40,3
12,3,2
12,10,3
